Item Number,Part Name,Description,State,Quantity,Material,Link,CAD,USD
1,Felt Pads,3.49 USD free shipping,New,1,N/A,https://www.amazon.ca/gp/product/B001WAK6EC/ref=ewc_pr_img_1?smid=A3DWYIK6Y9EEQB&th=1,,3.49
2,Steel Rod Caps,14.32 USD not free shipping,New,1,N/A,https://www.amazon.ca/gp/product/B0D4VJK818/ref=ewc_pr_img_2?smid=AMSJ8M78MR81Q&th=1,,14.32
3,Load Bearing Hooks,1.68 USD not free shipping,New,1,N/A,https://www.amazon.ca/gp/product/B0FRCZ81HL/ref=ewc_pr_img_3?smid=A2O5WUVNRT32VM&psc=1,,1.68
4,Load Bearing Wheels,15.90 USD each x2 free shipping,New,2,N/A,https://www.amazon.ca/gp/product/B00004YOKE/ref=ewc_pr_img_4?smid=A3DWYIK6Y9EEQB&th=1,,31.80
5,Amazon GST,Estimated GST,New,1,N/A,, ,4.58
6,Amazon Shipping,Estimated shipping,New,1,N/A,, ,14.85
7,Reliable Fasteners Unthreaded Rod - Blue Tip - Steel - 36-in L x 1/2-in dia,16.79 CAD + 2.99 shipping + 13% HST,New,1,Steel,https://www.rona.ca/en/product/reliable-fasteners-unthreaded-rod-blue-tip-steel-36-in-l-x-1-2-in-dia-utrp12-13997696,22.82,
8,2-in x 4-in x 8-ft SPF Select Lumber,4.02 CAD + 13% HST,New,1,SPF Wood,https://www.rona.ca/en/product/2-in-x-4-in-x-8-ft-spf-select-lumber-034-02013-0971073,4.54,
9,Duchesne Finishing Nails - 1-1/2-in Bright Steel Smooth Shank (450 pack),8.39 CAD + 13% HST,New,1,Steel,https://www.rona.ca/en/product/duchesne-finishing-nails-1-1-2-in-l-bright-steel-smooth-shank-450-per-pack-24800960-02665881,9.48,
10,3/4-in x 4-ft x 8-ft Plywood Spruce Standard,59.98 CAD + 13% HST,New,1,Spruce Plywood,https://www.rona.ca/en/product/3-4-in-x-4-ft-x-8-ft-plywood-spruce-standard-cp34es-0938006,67.78,
TOTALS,---,---,---,---,---,---,104.62,57.84
